nan,nan,nan,nan,nan,nan,nan,nan,nan,nan,nan,nan,nan,nan,nan,nan,nan,nan,nan,nan,nan,nan,nan,nan,nan,nan,nan,nan,nan,nan,nan,nan,nan,nan,nan,nan,nan,nan,nan,nan,nan,nan,nan,nan,nan,nan,nan,nan,nan,nan
nan,nan,nan,nan,nan,nan,nan,nan,nan,nan,nan,nan,nan,nan,nan,nan,nan,nan,nan,nan,nan,nan,nan,nan,nan,nan,nan,nan,nan,nan,nan,nan,nan,nan,nan,nan,nan,nan,nan,nan,nan,nan,nan,nan,nan,nan,nan,nan,nan,nan
nan,nan,nan,nan,nan,nan,nan,nan,nan,nan,nan,nan,nan,nan,nan,nan,nan,nan,nan,nan,nan,nan,nan,nan,nan,nan,nan,nan,nan,nan,nan,nan,nan,nan,nan,nan,nan,nan,nan,nan,nan,nan,nan,nan,nan,nan,nan,nan,nan,nan
nan,nan,nan,nan,nan,nan,nan,nan,nan,nan,nan,nan,nan,nan,nan,nan,nan,nan,nan,nan,nan,nan,nan,nan,nan,nan,nan,nan,nan,nan,nan,nan,nan,nan,nan,nan,nan,nan,nan,nan,nan,nan,nan,nan,nan,nan,nan,nan,nan,nan
nan,nan,nan,nan,nan,nan,nan,nan,nan,nan,nan,nan,nan,nan,nan,nan,nan,nan,nan,nan,nan,nan,nan,nan,nan,nan,nan,nan,nan,nan,nan,nan,nan,nan,nan,nan,nan,nan,nan,nan,nan,nan,nan,nan,nan,nan,nan,nan,nan,nan
nan,nan,nan,nan,nan,nan,nan,nan,nan,nan,nan,nan,nan,nan,nan,nan,nan,nan,nan,nan,nan,nan,nan,nan,nan,nan,nan,nan,nan,nan,nan,nan,nan,nan,nan,nan,nan,nan,nan,nan,nan,nan,nan,nan,nan,nan,nan,nan,nan,nan
nan,nan,nan,nan,nan,nan,nan,nan,nan,nan,nan,nan,nan,nan,nan,nan,nan,nan,nan,nan,nan,nan,nan,nan,nan,nan,nan,nan,nan,nan,nan,nan,nan,nan,nan,nan,nan,nan,nan,nan,nan,nan,nan,nan,nan,nan,nan,nan,nan,nan
nan,nan,nan,nan,nan,nan,nan,nan,nan,nan,nan,nan,nan,nan,nan,nan,nan,nan,nan,nan,nan,nan,nan,nan,nan,nan,nan,nan,nan,nan,nan,nan,nan,nan,nan,nan,nan,nan,nan,nan,nan,nan,nan,nan,nan,nan,nan,nan,nan,nan
nan,nan,nan,nan,nan,nan,nan,nan,nan,nan,nan,nan,nan,nan,nan,nan,nan,nan,nan,nan,nan,nan,nan,nan,nan,nan,nan,nan,nan,nan,nan,nan,nan,nan,nan,nan,nan,nan,nan,nan,nan,nan,nan,nan,nan,nan,nan,nan,nan,nan
nan,nan,nan,nan,nan,nan,nan,nan,nan,nan,nan,nan,nan,nan,nan,nan,nan,nan,nan,nan,nan,nan,nan,nan,nan,nan,nan,nan,nan,nan,nan,nan,nan,nan,nan,nan,nan,nan,nan,nan,nan,nan,nan,nan,nan,nan,nan,nan,nan,nan
nan,nan,nan,nan,nan,nan,nan,nan,nan,nan,nan,nan,nan,nan,nan,nan,nan,nan,nan,nan,nan,nan,nan,nan,nan,nan,nan,nan,nan,nan,nan,nan,nan,nan,nan,nan,nan,nan,nan,nan,nan,nan,nan,nan,nan,nan,nan,nan,nan,nan
nan,nan,nan,nan,nan,nan,nan,nan,nan,nan,nan,nan,nan,nan,nan,nan,nan,nan,nan,nan,nan,nan,nan,nan,nan,nan,nan,nan,nan,nan,nan,nan,nan,nan,nan,nan,nan,nan,nan,nan,nan,nan,nan,nan,nan,nan,nan,nan,nan,nan
nan,nan,nan,nan,nan,nan,nan,nan,nan,nan,nan,nan,nan,nan,nan,nan,nan,nan,nan,nan,nan,nan,nan,nan,nan,nan,nan,nan,nan,nan,nan,nan,nan,nan,nan,nan,nan,nan,nan,nan,nan,nan,nan,nan,nan,nan,nan,nan,nan,nan
nan,nan,nan,nan,nan,nan,nan,nan,nan,nan,nan,nan,nan,nan,nan,nan,nan,nan,nan,nan,nan,nan,nan,nan,nan,nan,nan,nan,nan,nan,nan,nan,nan,nan,nan,nan,nan,nan,nan,nan,nan,nan,nan,nan,nan,nan,nan,nan,nan,nan
nan,nan,nan,nan,nan,nan,nan,nan,nan,nan,nan,nan,nan,nan,nan,nan,nan,nan,nan,nan,nan,nan,nan,nan,nan,nan,nan,nan,nan,nan,nan,nan,nan,nan,nan,nan,nan,nan,nan,nan,nan,nan,nan,nan,nan,nan,nan,nan,nan,nan
nan,nan,nan,nan,nan,nan,nan,nan,nan,nan,nan,nan,nan,nan,nan,nan,nan,nan,nan,nan,nan,nan,nan,nan,nan,nan,nan,nan,nan,nan,nan,nan,nan,nan,nan,nan,nan,nan,nan,nan,nan,nan,nan,nan,nan,nan,nan,nan,nan,nan
nan,nan,nan,nan,nan,nan,nan,nan,nan,nan,nan,nan,nan,nan,nan,nan,nan,nan,nan,nan,nan,nan,nan,nan,nan,nan,nan,nan,nan,nan,nan,nan,nan,nan,nan,nan,nan,nan,nan,nan,nan,nan,nan,nan,nan,nan,nan,nan,nan,nan
nan,nan,nan,nan,nan,nan,nan,nan,nan,nan,nan,nan,nan,nan,nan,nan,nan,nan,nan,nan,nan,nan,nan,nan,nan,nan,nan,nan,nan,nan,nan,nan,nan,nan,nan,nan,nan,nan,nan,nan,nan,nan,nan,nan,nan,nan,nan,nan,nan,nan
nan,nan,nan,nan,nan,nan,nan,nan,nan,nan,nan,nan,nan,nan,nan,nan,nan,nan,nan,nan,nan,nan,nan,nan,nan,nan,nan,nan,nan,nan,nan,nan,nan,nan,nan,nan,nan,nan,nan,nan,nan,nan,nan,nan,nan,nan,nan,nan,nan,nan
nan,nan,nan,nan,nan,nan,nan,nan,nan,nan,nan,nan,nan,nan,nan,nan,nan,nan,nan,nan,nan,nan,nan,nan,nan,nan,nan,nan,nan,nan,nan,nan,nan,nan,nan,nan,nan,nan,nan,nan,nan,nan,nan,nan,nan,nan,nan,nan,nan,nan
nan,nan,nan,nan,nan,nan,nan,nan,nan,nan,nan,nan,nan,nan,nan,nan,nan,nan,nan,nan,nan,nan,nan,nan,nan,nan,nan,nan,nan,nan,nan,nan,nan,nan,nan,nan,nan,nan,nan,nan,nan,nan,nan,nan,nan,nan,nan,nan,nan,nan
nan,nan,nan,nan,nan,nan,nan,nan,nan,nan,nan,nan,nan,nan,nan,nan,nan,nan,nan,nan,nan,nan,nan,nan,nan,nan,nan,nan,nan,nan,nan,nan,nan,nan,nan,nan,nan,nan,nan,nan,nan,nan,nan,nan,nan,nan,nan,nan,nan,nan
nan,nan,nan,nan,nan,nan,nan,nan,nan,nan,nan,nan,nan,nan,nan,nan,nan,nan,nan,nan,nan,nan,nan,nan,nan,nan,nan,nan,nan,nan,nan,nan,nan,nan,nan,nan,nan,nan,nan,nan,nan,nan,nan,nan,nan,nan,nan,nan,nan,nan
nan,nan,nan,nan,nan,nan,nan,nan,nan,nan,nan,nan,nan,nan,nan,nan,nan,nan,nan,nan,nan,nan,nan,nan,nan,nan,nan,nan,nan,nan,nan,nan,nan,nan,nan,nan,nan,nan,nan,nan,nan,nan,nan,nan,nan,nan,nan,nan,nan,nan
nan,nan,nan,nan,nan,nan,nan,nan,nan,nan,nan,nan,nan,nan,nan,nan,nan,nan,nan,nan,nan,nan,nan,nan,nan,nan,nan,nan,nan,nan,nan,nan,nan,nan,nan,nan,nan,nan,nan,nan,nan,nan,nan,nan,nan,nan,nan,nan,nan,nan
nan,nan,nan,nan,nan,nan,nan,nan,nan,nan,nan,nan,nan,nan,nan,nan,nan,nan,nan,nan,nan,nan,nan,nan,nan,nan,nan,nan,nan,nan,nan,nan,nan,nan,nan,nan,nan,nan,nan,nan,nan,nan,nan,nan,nan,nan,nan,nan,nan,nan
nan,nan,nan,nan,nan,nan,nan,nan,nan,nan,nan,nan,nan,nan,nan,nan,nan,nan,nan,nan,nan,nan,nan,nan,nan,nan,nan,nan,nan,nan,nan,nan,nan,nan,nan,nan,nan,nan,nan,nan,nan,nan,nan,nan,nan,nan,nan,nan,nan,nan
nan,nan,nan,nan,nan,nan,nan,nan,nan,nan,nan,nan,nan,nan,nan,nan,nan,nan,nan,nan,nan,nan,nan,nan,nan,nan,nan,nan,nan,nan,nan,nan,nan,nan,nan,nan,nan,nan,nan,nan,nan,nan,nan,nan,nan,nan,nan,nan,nan,nan
nan,nan,nan,nan,nan,nan,nan,nan,nan,nan,nan,nan,nan,nan,nan,nan,nan,nan,nan,nan,nan,nan,nan,nan,nan,nan,nan,nan,nan,nan,nan,nan,nan,nan,nan,nan,nan,nan,nan,nan,nan,nan,nan,nan,nan,nan,nan,nan,nan,nan
nan,nan,nan,nan,nan,nan,nan,nan,nan,nan,nan,nan,nan,nan,nan,nan,nan,nan,nan,nan,nan,nan,nan,nan,nan,nan,nan,nan,nan,nan,nan,nan,nan,nan,nan,nan,nan,nan,nan,nan,nan,nan,nan,nan,nan,nan,nan,nan,nan,nan
nan,nan,nan,nan,nan,nan,nan,nan,nan,nan,nan,nan,nan,nan,nan,nan,nan,nan,nan,nan,nan,nan,nan,nan,nan,nan,nan,nan,nan,nan,nan,nan,nan,nan,nan,nan,nan,nan,nan,nan,nan,nan,nan,nan,nan,nan,nan,nan,nan,nan
nan,nan,nan,nan,nan,nan,nan,nan,nan,nan,nan,nan,nan,nan,nan,nan,nan,nan,nan,nan,nan,nan,nan,nan,nan,nan,nan,nan,nan,nan,nan,nan,nan,nan,nan,nan,nan,nan,nan,nan,nan,nan,nan,nan,nan,nan,nan,nan,nan,nan
nan,nan,nan,nan,nan,nan,nan,nan,nan,nan,nan,nan,nan,nan,nan,nan,nan,nan,nan,nan,nan,nan,nan,nan,nan,nan,nan,nan,nan,nan,nan,nan,nan,nan,nan,nan,nan,nan,nan,nan,nan,nan,nan,nan,nan,nan,nan,nan,nan,nan
nan,nan,nan,nan,nan,nan,nan,nan,nan,nan,nan,nan,nan,nan,nan,nan,nan,nan,nan,nan,nan,nan,nan,nan,nan,nan,nan,nan,nan,nan,nan,nan,nan,nan,nan,nan,nan,nan,nan,nan,nan,nan,nan,nan,nan,nan,nan,nan,nan,nan
nan,nan,nan,nan,nan,nan,nan,nan,nan,nan,nan,nan,nan,nan,nan,nan,nan,nan,nan,nan,nan,nan,nan,nan,nan,nan,nan,nan,nan,nan,nan,nan,nan,nan,nan,nan,nan,nan,nan,nan,nan,nan,nan,nan,nan,nan,nan,nan,nan,nan
nan,nan,nan,nan,nan,nan,nan,nan,nan,nan,nan,nan,nan,nan,nan,nan,nan,nan,nan,nan,nan,nan,nan,nan,nan,nan,nan,nan,nan,nan,nan,nan,nan,nan,nan,nan,nan,nan,nan,nan,nan,nan,nan,nan,nan,nan,nan,nan,nan,nan
nan,nan,nan,nan,nan,nan,nan,nan,nan,nan,nan,nan,nan,nan,nan,nan,nan,nan,nan,nan,nan,nan,nan,nan,nan,nan,nan,nan,nan,nan,nan,nan,nan,nan,nan,nan,nan,nan,nan,nan,nan,nan,nan,nan,nan,nan,nan,nan,nan,nan
nan,nan,nan,nan,nan,nan,nan,nan,nan,nan,nan,nan,nan,nan,nan,nan,nan,nan,nan,nan,nan,nan,nan,nan,nan,nan,nan,nan,nan,nan,nan,nan,nan,nan,nan,nan,nan,nan,nan,nan,nan,nan,nan,nan,nan,nan,nan,nan,nan,nan
nan,nan,nan,nan,nan,nan,nan,nan,nan,nan,nan,nan,nan,nan,nan,nan,nan,nan,nan,nan,nan,nan,nan,nan,nan,nan,nan,nan,nan,nan,nan,nan,nan,nan,nan,nan,nan,nan,nan,nan,nan,nan,nan,nan,nan,nan,nan,nan,nan,nan
nan,nan,nan,nan,nan,nan,nan,nan,nan,nan,nan,nan,nan,nan,nan,nan,nan,nan,nan,nan,nan,nan,nan,nan,nan,nan,nan,nan,nan,nan,nan,nan,nan,nan,nan,nan,nan,nan,nan,nan,nan,nan,nan,nan,nan,nan,nan,nan,nan,nan
-5.355024239054441137e-01,-5.274767103694240067e-01,-5.200175619645586167e-01,-5.126946034397565910e-01,-5.054853014281239787e-01,-4.988642133784964017e-01,-4.925779919631062542e-01,-4.864369696422036760e-01,-4.806029052085539766e-01,-4.747264872970397009e-01,-4.692949194687549008e-01,-4.637176913192773142e-01,-4.588233609122757128e-01,-4.538456685052073558e-01,-4.491961529762482086e-01,-4.443653137220486271e-01,-4.397662480626848280e-01,-4.353923538695067541e-01,-4.312374642835163918e-01,-4.273777101341070805e-01,-4.232221214952955890e-01,-4.196906203146250069e-01,-4.159348109778088221e-01,-4.123718453794444905e-01,-4.089151436544642970e-01,-4.053026101783513968e-01,-4.021281061505185828e-01,-3.987900143577290391e-01,-3.959657023596011571e-01,-3.928880173285956290e-01,-3.898940906820791974e-01,-3.870639002935959416e-01,-3.843114854956738990e-01,-3.817174483862408318e-01,-3.792793767768942170e-01,-3.768279035456480464e-01,-3.741008513340491892e-01,-3.719493671219517572e-01,-3.694334402979066456e-01,-3.674060344781629461e-01,-3.650931576229245468e-01,-3.627518039322475962e-01,-3.606342929697096689e-01,-3.589158492393396682e-01,-3.569027003246681429e-01,-3.549389430424426117e-01,-3.531086692300233199e-01,-3.512390809053233531e-01,-3.495003752026745736e-01,-3.478053950559460428e-01
-5.314248714405624963e-01,-5.240001699751051234e-01,-5.163214379263764142e-01,-5.091797937565419874e-01,-5.022261873755869965e-01,-4.956965400699265833e-01,-4.895765932897596651e-01,-4.835176982432400905e-01,-4.774253443856234513e-01,-4.717034847746569559e-01,-4.663421026596404895e-01,-4.609135846577115947e-01,-4.561639278925452290e-01,-4.512479818806052756e-01,-4.462378532392193842e-01,-4.418835323991856523e-01,-4.374206200661378552e-01,-4.330991911621416834e-01,-4.290761716400934844e-01,-4.248440673019480140e-01,-4.211561497839737545e-01,-4.173301152121385305e-01,-4.136178803779237412e-01,-4.100967502903947737e-01,-4.067625208129349024e-01,-4.035290629933128148e-01,-4.000529551010211793e-01,-3.971738980436010924e-01,-3.939623575108867071e-01,-3.909192154364343197e-01,-3.880415871959241314e-01,-3.852437297654642823e-01,-3.825226670822463038e-01,-3.799588348316026432e-01,-3.775498963685451903e-01,-3.747852642776622334e-01,-3.725119695037949485e-01,-3.703033429303809188e-01,-3.678140353904276738e-01,-3.654682739403747327e-01,-3.635238742206058915e-01,-3.612915921938171793e-01,-3.591977548527712782e-01,-3.570710526908187910e-01,-3.550796041418771698e-01,-3.532224066907407867e-01,-3.513269982146417503e-01,-3.495631289833143196e-01,-3.478438008726178476e-01,-3.461676255633683308e-01
-5.278926130067717049e-01,-5.201764346002257788e-01,-5.127607853266689109e-01,-5.057980125118239911e-01,-4.989389036735777383e-01,-4.925778173749776334e-01,-4.862079251572883898e-01,-4.803084258844380061e-01,-4.743725457975294102e-01,-4.691392428367120448e-01,-4.635110010062510888e-01,-4.585659264813527480e-01,-4.534614587106323702e-01,-4.486868214418212597e-01,-4.438164796722384731e-01,-4.395172059012652510e-01,-4.351078731394710242e-01,-4.309192605261110143e-01,-4.265264771839524793e-01,-4.227615943937297338e-01,-4.187813667482274127e-01,-4.149180174938171817e-01,-4.113303193221678478e-01,-4.078502751849247265e-01,-4.045555483604945102e-01,-4.014422203950188672e-01,-3.980040681277779435e-01,-3.951603277560430949e-01,-3.920664463798151922e-01,-3.890574490009057196e-01,-3.862126555839515696e-01,-3.834466282123607517e-01,-3.807564328031559642e-01,-3.782223457819911538e-01,-3.758421050342346525e-01,-3.731062803636758796e-01,-3.708600488126400641e-01,-3.683359833845896714e-01,-3.662984965348099475e-01,-3.639782626101349949e-01,-3.620580447386396727e-01,-3.599343068331372630e-01,-3.577794709521301963e-01,-3.557605700835062557e-01,-3.537915094546057460e-01,-3.518706064605955919e-01,-3.500818039124050651e-01,-3.482527417528353264e-01,-3.465532938334324187e-01,-3.449827647943814468e-01
-5.244212562105470266e-01,-5.165672486673460462e-01,-5.092553360996221468e-01,-5.024686836192173711e-01,-4.957809536889104529e-01,-4.895862453719439511e-01,-4.833790841248658543e-01,-4.771442597341423175e-01,-4.716973159680262206e-01,-4.662796896422747861e-01,-4.607197946211397666e-01,-4.558387329950864819e-01,-4.508769074748732453e-01,-4.458254659833186251e-01,-4.413484631927279689e-01,-4.367668321530974729e-01,-4.324909837416072711e-01,-4.283526144275650038e-01,-4.244268729797284756e-01,-4.202903657399011950e-01,-4.167735920324611709e-01,-4.130356673405302104e-01,-4.094899558381953075e-01,-4.061321167357780926e-01,-4.024577758447597797e-01,-3.993818047823902706e-01,-3.959809611556288633e-01,-3.931719624314546913e-01,-3.901126348489863394e-01,-3.871370538222302926e-01,-3.843244632911599901e-01,-3.816721970362121352e-01,-3.790123944699815839e-01,-3.765903844000723644e-01,-3.741556336880023093e-01,-3.714481639752721942e-01,-3.693118632002478363e-01,-3.668146342032027052e-01,-3.648022687690142818e-01,-3.625072001843607783e-01,-3.601842145444364429e-01,-3.580835955661400560e-01,-3.563791582397281554e-01,-3.543826847558773085e-01,-3.524354760219943206e-01,-3.506209731155055520e-01,-3.487676736345024509e-01,-3.470444840656869423e-01,-3.453648912928942161e-01,-3.433787473319651617e-01
-5.206053048122503135e-01,-5.133421128262279920e-01,-5.062110246271834813e-01,-4.991904485142606984e-01,-4.926716185812897164e-01,-4.862298081854031229e-01,-4.801822126849936145e-01,-4.745167905392989605e-01,-4.687290676081563578e-01,-4.633805819969912809e-01,-4.579676176298531631e-01,-4.532295287136353656e-01,-4.483285169814894000e-01,-4.433359819005013858e-01,-4.389950356441600365e-01,-4.345480919045878188e-01,-4.302429439012328549e-01,-4.262348826791297896e-01,-4.219401029994487295e-01,-4.183478172218238478e-01,-4.144578478691799961e-01,-4.107628194909925812e-01,-4.072582957240063473e-01,-4.039400519789825283e-01,-4.003865613247602484e-01,-3.973473294288442093e-01,-3.944013852837692236e-01,-3.912901470883295985e-01,-3.882649673530333967e-01,-3.853224537759643575e-01,-3.825416758643565562e-01,-3.799200468118540397e-01,-3.773726417132799438e-01,-3.748968354478075526e-01,-3.721513540184300806e-01,-3.698935637387247288e-01,-3.673608386885142130e-01,-3.653126237993234993e-01,-3.629010064824010340e-01,-3.610547900515035935e-01,-3.588400431638759658e-01,-3.566788002713245920e-01,-3.546535395007098801e-01,-3.525939433062031392e-01,-3.507522418997424118e-01,-3.488728561324299093e-01,-3.471242497876813604e-01,-3.454200657969877519e-01,-3.437589126723318844e-01,-3.421394522893191903e-01
-5.173283020727077464e-01,-5.098439255786897384e-01,-5.028894612583141299e-01,-4.960406808095898512e-01,-4.896885875117972242e-01,-4.833304536008312668e-01,-4.774412108311996139e-01,-4.714388185069560144e-01,-4.658818828130246725e-01,-4.606011969830065000e-01,-4.552536317994642090e-01,-4.502432256474317440e-01,-4.454816614178550571e-01,-4.409611449145620643e-01,-4.362598101397472394e-01,-4.318655065182109287e-01,-4.276914796091569881e-01,-4.237317138437658448e-01,-4.199805546904365472e-01,-4.159365452973776689e-01,-4.121713362402354974e-01,-4.085995299897270949e-01,-4.051355574079687494e-01,-4.018562521391630948e-01,-3.986764811329825964e-01,-3.953383192174262928e-01,-3.925087513313292309e-01,-3.893506775188753100e-01,-3.863589323118651331e-01,-3.835307057402105313e-01,-3.807812519054128431e-01,-3.781897969929142178e-01,-3.756716789524841005e-01,-3.732243091673365099e-01,-3.705071383935221729e-01,-3.683587258466787806e-01,-3.657697603839961120e-01,-3.637465758295558294e-01,-3.614433628039069313e-01,-3.591969326856312428e-01,-3.574297916572567457e-01,-3.552917030674668242e-01,-3.532887957538693446e-01,-3.513356216159732037e-01,-3.494304933820804315e-01,-3.476567234160443665e-01,-3.458432051306412625e-01,-3.442439371982931595e-01,-3.426021153295369381e-01,-3.410015600690911031e-01
-5.137813862122595499e-01,-5.064771015916960106e-01,-4.996968796479108743e-01,-4.930176872103034791e-01,-4.863429794825996355e-01,-4.801446733381415921e-01,-4.743319538866034302e-01,-4.684824165863548107e-01,-4.629951744994632579e-01,-4.578605040494316269e-01,-4.526569017408557105e-01,-4.477075473783220239e-01,-4.430042447763135049e-01,-4.386194555744633572e-01,-4.340527676957229852e-01,-4.297103754701362410e-01,-4.255860183492387039e-01,-4.216738331918956084e-01,-4.175542227606969803e-01,-4.136357231524016020e-01,-4.103279152468175539e-01,-4.067974786763340900e-01,-4.033735862093530411e-01,-3.997986973507342001e-01,-3.966559217846574170e-01,-3.933543102483703091e-01,-3.905589859131455288e-01,-3.875164916609808441e-01,-3.845578240134103210e-01,-3.817614174670706517e-01,-3.790428096130053492e-01,-3.764810756301826822e-01,-3.739918073894183403e-01,-3.712357730640652997e-01,-3.689656396385075920e-01,-3.667608457564299762e-01,-3.642810080408022677e-01,-3.622825643197548628e-01,-3.600040959606312652e-01,-3.577817311978249148e-01,-3.556134317075897444e-01,-3.539220329278165988e-01,-3.519411760888915275e-01,-3.500094841870838858e-01,-3.482097740350846293e-01,-3.463717823931619644e-01,-3.446631789963762738e-01,-3.429980662090001409e-01,-3.410287790614407455e-01,-3.394455265296524304e-01
-5.102117858214751944e-01,-5.030844089787057660e-01,-4.964755909734691608e-01,-4.895565507153898377e-01,-4.834515467004739664e-01,-4.774118899057658849e-01,-4.713445429360365591e-01,-4.660560880513410220e-01,-4.602274387207695439e-01,-4.552371548167675752e-01,-4.500167393654094239e-01,-4.452069280365611448e-01,-4.406406039601287739e-01,-4.358983561320347033e-01,-4.317968161232125790e-01,-4.275053511113292015e-01,-4.230973232881365953e-01,-4.192317002239913659e-01,-4.152382668948812472e-01,-4.117768401079922591e-01,-4.080970372689153858e-01,-4.046071972396814154e-01,-4.013030672164029644e-01,-3.976860604958287748e-01,-3.946605185425131057e-01,-3.913948494638438413e-01,-3.886332219328642035e-01,-3.856241941147963148e-01,-3.827792776521445339e-01,-3.800142056899823984e-01,-3.773259758289286281e-01,-3.747935191018388901e-01,-3.723326724744917549e-01,-3.696049155725321111e-01,-3.673613973027409774e-01,-3.648456613857293251e-01,-3.628110154263251563e-01,-3.604162826807869036e-01,-3.585829218748528557e-01,-3.563842882355178765e-01,-3.542390752829618350e-01,-3.522291277381990882e-01,-3.502694037297017782e-01,-3.483581901959026395e-01,-3.464938406532826476e-01,-3.447595619959605839e-01,-3.430696099227964480e-01,-3.414225889032354577e-01,-3.399025839725751674e-01,-3.383377457292652823e-01
-5.068503180554351228e-01,-4.998978769869302230e-01,-4.929756702030528848e-01,-4.866270414042125902e-01,-4.802754749453356786e-01,-4.743130906846901862e-01,-4.688069563123898331e-01,-4.631796503687579114e-01,-4.579074542725924957e-01,-4.525712350130287609e-01,-4.474919177905704593e-01,-4.427406623228761218e-01,-4.382302820809116373e-01,-4.336221988124244753e-01,-4.292405304035556424e-01,-4.249989238580731965e-01,-4.210510456034768367e-01,-4.168999064304682034e-01,-4.133629935589930304e-01,-4.095320481871367879e-01,-4.059740947223995366e-01,-4.025242323298058311e-01,-3.992584942365279832e-01,-3.960924994889359341e-01,-3.927705019644483486e-01,-3.898728748275149814e-01,-3.868119116988506523e-01,-3.838359848746604186e-01,-3.810229083526837091e-01,-3.782886958366574737e-01,-3.756303857658420120e-01,-3.731267718549696188e-01,-3.703592754808355814e-01,-3.680760010119583647e-01,-3.658588184504620311e-01,-3.633694247364723240e-01,-3.613594911075288518e-01,-3.589896698187846624e-01,-3.567590048665923441e-01,-3.550043322612616570e-01,-3.528818880591717555e-01,-3.508939274212320436e-01,-3.489556199819620064e-01,-3.470652727131616766e-01,-3.453055929846768346e-01,-3.435912227294727339e-01,-3.419207268973873948e-01,-3.402927260924800135e-01,-3.383607832803910420e-01,-3.368126796486172192e-01
-5.034632661398510400e-01,-4.966828483125695914e-01,-4.900060556684572299e-01,-4.837421034455752222e-01,-4.775495092633633698e-01,-4.717420408546418864e-01,-4.659008059106827249e-01,-4.604212373746741638e-01,-4.552145946457212267e-01,-4.500207018147057703e-01,-4.450810446201785564e-01,-4.403873450356950991e-01,-4.356018526284894943e-01,-4.313772871285809218e-01,-4.270467188327746189e-01,-4.229339192676818127e-01,-4.187025178057943164e-01,-4.150076739506963208e-01,-4.111035018784691686e-01,-4.073150772129107144e-01,-4.037978114527827067e-01,-4.003871565096401297e-01,-3.972393950618068881e-01,-3.941098816410958383e-01,-3.908239001926044343e-01,-3.876285623426992122e-01,-3.850133939896733803e-01,-3.820700591840505700e-01,-3.792883399903512753e-01,-3.765845217541549106e-01,-3.740369072060812372e-01,-3.715618358692669987e-01,-3.687412449976890105e-01,-3.664845747128256948e-01,-3.639585100888650393e-01,-3.619116910194626335e-01,-3.595080914929724147e-01,-3.575808898864916707e-01,-3.553738991174630324e-01,-3.532209130832746902e-01,-3.512033119267166104e-01,-3.496586804488372446e-01,-3.477417676819711256e-01,-3.458722978638906209e-01,-3.441327545201839921e-01,-3.420117811399814856e-01,-3.403593325234653411e-01,-3.387488350585170505e-01,-3.372642273599631979e-01,-3.357340649518396614e-01
-5.002039752121700822e-01,-4.935933428160477199e-01,-4.870818403129950624e-01,-4.805743520416512760e-01,-4.744598571433850664e-01,-4.688046099943780076e-01,-4.630344206616712199e-01,-4.577008974235933225e-01,-4.526372265576391052e-01,-4.475053455086179799e-01,-4.426248099141992798e-01,-4.376585408503055330e-01,-4.333359545054800699e-01,-4.288337262080811341e-01,-4.245532704030853255e-01,-4.205678898602636662e-01,-4.167129336739777146e-01,-4.126531752766793293e-01,-4.088720544798832290e-01,-4.056147214160270575e-01,-4.017281215450645981e-01,-3.983561133142790034e-01,-3.952453086478830424e-01,-3.922317773773703053e-01,-3.889011267750332457e-01,-3.861511611296304936e-01,-3.831568478814039724e-01,-3.803260392219015018e-01,-3.775752049133480615e-01,-3.749013254454747757e-01,-3.723825699118224475e-01,-3.699355114246062337e-01,-3.672244082216086780e-01,-3.649940577738337577e-01,-3.624943015935329638e-01,-3.604721745872943028e-01,-3.580934452414388236e-01,-3.561896705649466588e-01,-3.540060288558365409e-01,-3.519586019056898385e-01,-3.498800842874845163e-01,-3.479345777196499179e-01,-3.460375151671208349e-01,-3.442711317463431620e-01,-3.424663847232367608e-01,-3.407897787765343245e-01,-3.392406117055384862e-01,-3.376486433553455013e-01,-3.357528988059340080e-01,-3.342389221003956856e-01
-4.970708823386974506e-01,-4.905504993311569084e-01,-4.837995307654512911e-01,-4.778538032063210372e-01,-4.718945551448123776e-01,-4.659075622397189642e-01,-4.602853378257425465e-01,-4.550178233821894347e-01,-4.496894266680553365e-01,-4.450244576145214737e-01,-4.398740339999905880e-01,-4.353708199428470427e-01,-4.311010099969986853e-01,-4.267293579508276147e-01,-4.224983832576516551e-01,-4.185600722391057404e-01,-4.144219747274108800e-01,-4.108147244062344550e-01,-4.070761796336078708e-01,-4.034506455076738995e-01,-4.000129738854011352e-01,-3.967589882540443202e-01,-3.932757847391962769e-01,-3.902974105765842361e-01,-3.870819021812494376e-01,-3.843646538076376240e-01,-3.814029720239274779e-01,-3.786035556988368023e-01,-3.758831436765831535e-01,-3.732387568171542380e-01,-3.707484372461004041e-01,-3.679970948676465348e-01,-3.657265469295499227e-01,-3.635221667570711634e-01,-3.609666969988417073e-01,-3.589688798652135859e-01,-3.566963892121960966e-01,-3.544806203364116448e-01,-3.523194930454313090e-01,-3.506299406091284432e-01,-3.486561421562217045e-01,-3.467319684766925758e-01,-3.448557194367702916e-01,-3.430257611658458217e-01,-3.413245030400729463e-01,-3.396670516300521747e-01,-3.380520224844678068e-01,-3.361352759179795924e-01,-3.346850568690101224e-01,-3.332738744122098473e-01
-4.939854152482107130e-01,-4.872296215443916445e-01,-4.809637343233293394e-01,-4.747719808274879494e-01,-4.688874130763642234e-01,-4.630500046800679614e-01,-4.575740391674374963e-01,-4.523712332568258221e-01,-4.471837126993403189e-01,-4.425773512155882772e-01,-4.374846872571135359e-01,-4.331143630362713770e-01,-4.285691743088567707e-01,-4.241690130758112298e-01,-4.200652681448329706e-01,-4.161731488416876568e-01,-4.124870482942583072e-01,-4.085948486348214281e-01,-4.048981445261649603e-01,-4.013922649061626435e-01,-3.979933869057664664e-01,-3.947766680979239440e-01,-3.913303835105134132e-01,-3.883866069465110593e-01,-3.852053881890926679e-01,-3.821914350886191358e-01,-3.796707415848201150e-01,-3.769022475880208778e-01,-3.742118047866314634e-01,-3.716769715445124023e-01,-3.688035416382997034e-01,-3.664106572291422337e-01,-3.641663451465445567e-01,-3.616554076295508957e-01,-3.595389353444009561e-01,-3.572319761225906665e-01,-3.553166564394591442e-01,-3.531242009242597235e-01,-3.509857465962963885e-01,-3.488993188002488810e-01,-3.473652673961341031e-01,-3.454619005247450136e-01,-3.432680507735723086e-01,-3.418792473158759337e-01,-3.397739695626309508e-01,-3.381342428152060986e-01,-3.365364000608632167e-01,-3.350638307185965781e-01,-3.336310888026449151e-01,-3.318077048824135677e-01
-4.909464147487725416e-01,-4.843543618324257505e-01,-4.778466621855667618e-01,-4.717320731337479867e-01,-4.659983238682784412e-01,-4.603090059333927453e-01,-4.548997262378678408e-01,-4.498384855463570808e-01,-4.447121723027178675e-01,-4.398373490124062868e-01,-4.352058610563133700e-01,-4.308885845347004695e-01,-4.263951958398352615e-01,-4.221235133537740158e-01,-4.181459740214016896e-01,-4.138941557826159579e-01,-4.102515523655528296e-01,-4.064022178665766538e-01,-4.027466279142759564e-01,-3.992802301182012403e-01,-3.959987014047632314e-01,-3.928186479711233137e-01,-3.894086752239530602e-01,-3.865785086265738357e-01,-3.834312528658412877e-01,-3.804499348160542138e-01,-3.779597938161936010e-01,-3.752217618672735178e-01,-3.725608444572974798e-01,-3.696446940993637909e-01,-3.672094634678049196e-01,-3.649241344787907959e-01,-3.627057880317783312e-01,-3.601395978220409688e-01,-3.581288671085161024e-01,-3.558461925525887581e-01,-3.535391248693397492e-01,-3.517845268027369188e-01,-3.496684385439789988e-01,-3.476862645395076279e-01,-3.457542461638643538e-01,-3.438706556723700736e-01,-3.420338330988550446e-01,-3.403257248655796041e-01,-3.386618419251045675e-01,-3.370407777864833920e-01,-3.354611806000446506e-01,-3.335799653975134449e-01,-3.321631612485816398e-01,-3.307845634084344288e-01
-4.879527694104722757e-01,-4.815221988611211312e-01,-4.751722063138631436e-01,-4.692112729428630225e-01,-4.632260574213152848e-01,-4.576055326310964899e-01,-4.522616254242975420e-01,-4.473403641621351290e-01,-4.422741266621767475e-01,-4.375346971253457062e-01,-4.329580326434459558e-01,-4.283675943802832120e-01,-4.239250335754896626e-01,-4.197804570638783428e-01,-4.157708551961382115e-01,-4.120474807944567996e-01,-4.080435375690399380e-01,-4.043151964222808648e-01,-4.007001483534648467e-01,-3.972726449062049525e-01,-3.940284716223400041e-01,-3.908844952500901138e-01,-3.879160392581728622e-01,-3.847134572490915061e-01,-3.816789759168487395e-01,-3.790569878849448515e-01,-3.762697740328828089e-01,-3.735617532719036071e-01,-3.709299263752445786e-01,-3.680426428213189882e-01,-3.657150566104745981e-01,-3.634560551532192152e-01,-3.608525451643445070e-01,-3.587229119458423265e-01,-3.563237696321764902e-01,-3.544775033619730342e-01,-3.521939014615326213e-01,-3.501282282797703593e-01,-3.484493279950696687e-01,-3.464064685925909992e-01,-3.444952101859534710e-01,-3.427146304421467837e-01,-3.408978208040256419e-01,-3.392090311189028817e-01,-3.375640250095299222e-01,-3.355380833610469571e-01,-3.339751178357115990e-01,-3.325363780823853976e-01,-3.311366196051427346e-01,-3.293463569377265143e-01
-4.846825244707384517e-01,-4.784105378047290857e-01,-4.721386611141514811e-01,-4.663287635908961448e-01,-4.608148438287261728e-01,-4.553395139709577322e-01,-4.497366794931337286e-01,-4.448761769602581628e-01,-4.398689172779224332e-01,-4.351855718560710407e-01,-4.304163590203967660e-01,-4.262022519662615472e-01,-4.218878774656621422e-01,-4.177910356407800729e-01,-4.135029083738077094e-01,-4.098232503283241734e-01,-4.062657433993650535e-01,-4.025787843371868013e-01,-3.990823639568207848e-01,-3.956934107825856861e-01,-3.920822621098388749e-01,-3.889737871730203356e-01,-3.861184940365371965e-01,-3.829499594129185391e-01,-3.798688272392181653e-01,-3.773570355946006538e-01,-3.746003353623557075e-01,-3.719218840577714902e-01,-3.689912182062458634e-01,-3.665400400308266859e-01,-3.641589177677905798e-01,-3.619258046870260093e-01,-3.594287578552545215e-01,-3.573236916629102811e-01,-3.550300862230299503e-01,-3.527133076004080325e-01,-3.509466553441063508e-01,-3.488216857708068552e-01,-3.467487585763266433e-01,-3.448083038383591981e-01,-3.429168023792535935e-01,-3.410725670685377242e-01,-3.393570903939110983e-01,-3.376862764841267461e-01,-3.360586959382502736e-01,-3.344729751892780989e-01,-3.330118648088347677e-01,-3.315062752308588490e-01,-3.296967029885690681e-01,-3.283497735602782797e-01
-4.818533438306967231e-01,-4.753413600599446509e-01,-4.696209672437471894e-01,-4.634852824511693781e-01,-4.581171130500146793e-01,-4.527077768668527069e-01,-4.472461041465006226e-01,-4.424452527566121729e-01,-4.375734764942755262e-01,-4.329452980928559236e-01,-4.282296051193343889e-01,-4.237424110043557235e-01,-4.194769526569993023e-01,-4.154269246708249264e-01,-4.116645013859813740e-01,-4.076262338665380125e-01,-4.041882965426866758e-01,-4.005420876728439383e-01,-3.970063516205510346e-01,-3.937335087562697788e-01,-3.901596473909116347e-01,-3.871649321274573952e-01,-3.842643242271194248e-01,-3.811290917438721060e-01,-3.781593775815375036e-01,-3.752728415445829580e-01,-3.725457737963211446e-01,-3.698958536083066795e-01,-3.674000528324585790e-01,-3.649760771601630038e-01,-3.627014708856291514e-01,-3.600855496389481769e-01,-3.580224882030965117e-01,-3.559416737569091049e-01,-3.536720066797907625e-01,-3.513786711723457246e-01,-3.492215456100263293e-01,-3.475311225391901626e-01,-3.455614700683833918e-01,-3.436419913515270097e-01,-3.417709495080202831e-01,-3.399466761460531727e-01,-3.382504683746808682e-01,-3.365984795063347024e-01,-3.349892961324386631e-01,-3.334215600239568977e-01,-3.315544294446262641e-01,-3.301487877074972821e-01,-3.287813263856175228e-01,-3.270236589491198886e-01
-4.787465895609741007e-01,-4.727102784254504364e-01,-4.666672328995630781e-01,-4.610778651170606146e-01,-4.554559223060098416e-01,-4.501113011356977500e-01,-4.447892143885723293e-01,-4.397248953781304759e-01,-4.349096157763182591e-01,-4.304128428650844662e-01,-4.257497521389723705e-01,-4.217128839354588599e-01,-4.174956849055527219e-01,-4.135696266545005328e-01,-4.093728634884204465e-01,-4.058565807625382216e-01,-4.020585285648808349e-01,-3.984522700034757170e-01,-3.950333127467968164e-01,-3.917973958754720765e-01,-3.886621266699174515e-01,-3.852997481353494513e-01,-3.825109120658100048e-01,-3.794086898097162042e-01,-3.764707039711914227e-01,-3.736940615334510274e-01,-3.709173736589289616e-01,-3.683756286096461219e-01,-3.659075790685472063e-01,-3.635105721892381569e-01,-3.612619611486921900e-01,-3.586721654756324096e-01,-3.566334722231851440e-01,-3.542478872133641432e-01,-3.523305492801395711e-01,-3.501413124880645156e-01,-3.480067866848153280e-01,-3.459249529149294178e-01,-3.443076651161443014e-01,-3.424086474915444822e-01,-3.406396845227802617e-01,-3.388351389789326928e-01,-3.367400572855782093e-01,-3.351054728990983667e-01,-3.335131588042551387e-01,-3.319617732771162899e-01,-3.305339767900868919e-01,-3.291451449387119421e-01,-3.273685609682890907e-01,-3.260526814066642687e-01
-4.760008752895165118e-01,-4.697223875411747906e-01,-4.639056373982767267e-01,-4.583856923572313669e-01,-4.528305128349090491e-01,-4.476262287791679118e-01,-4.423653459290035617e-01,-4.373593365340157635e-01,-4.326769447017091430e-01,-4.282331777141944462e-01,-4.236991642891037579e-01,-4.193117869745581205e-01,-4.152193988219486376e-01,-4.113384875405917684e-01,-4.075857424673127727e-01,-4.037114130102147369e-01,-4.000322012849475972e-01,-3.964653607277454084e-01,-3.930842296327463070e-01,-3.898846531635390966e-01,-3.868626732083506048e-01,-3.835352664445686455e-01,-3.807789016418434147e-01,-3.777091927460820564e-01,-3.748024638544458775e-01,-3.720559019739312911e-01,-3.693876950098958223e-01,-3.667948610734110826e-01,-3.643540592880978868e-01,-3.620630695826252410e-01,-3.594341986573066361e-01,-3.572760826513842192e-01,-3.548540275280127054e-01,-3.528999919022978160e-01,-3.505961886965484053e-01,-3.488388781790869309e-01,-3.467263714156651466e-01,-3.446659509296907675e-01,-3.427373964094134751e-01,-3.408578241140407528e-01,-3.390255375668211890e-01,-3.373213923020407234e-01,-3.356619204938407486e-01,-3.340456850668789834e-01,-3.324713053597935231e-01,-3.309374544990625333e-01,-3.291041833516223925e-01,-3.277305205080875417e-01,-3.263942400863695803e-01,-3.250942692623674524e-01
-4.729770113482709704e-01,-4.672453262278623010e-01,-4.611053905846004275e-01,-4.557298588224815705e-01,-4.503167049111580500e-01,-4.447780090054287427e-01,-4.399738542718817369e-01,-4.351020514287398666e-01,-4.304742088849191628e-01,-4.257620834464162507e-01,-4.215991642428442709e-01,-4.173376793014147434e-01,-4.132917241539027509e-01,-4.090571017255549280e-01,-4.054244885669894827e-01,-4.015920016252641500e-01,-3.979529226411946397e-01,-3.945025897843508211e-01,-3.911586802489791515e-01,-3.879948710893301178e-01,-3.850073042909264998e-01,-3.817140544689627268e-01,-3.789897070460423456e-01,-3.760302559684366996e-01,-3.731543221338482486e-01,-3.704374027080155063e-01,-3.677979178748640443e-01,-3.653120524766528820e-01,-3.628982567726260489e-01,-3.602289924668755638e-01,-3.580305651525720889e-01,-3.558970419499249416e-01,-3.534994430302291213e-01,-3.515685106394866866e-01,-3.493683201916698011e-01,-3.471427646017931079e-01,-3.451321524193030621e-01,-3.435034146930781018e-01,-3.415955494503530865e-01,-3.397361549376157752e-01,-3.379235532991563540e-01,-3.362384156488864573e-01,-3.345975119672552345e-01,-3.329994210698133394e-01,-3.310233972872790309e-01,-3.295888899364126656e-01,-3.281099627925344042e-01,-3.267527037087762931e-01,-3.250921375564541638e-01,-3.238064845502216516e-01
